Product Name,Price,Product Details
"Powerol 35kW Stationary Concrete Pumps, Model Name/Number: 1400p₹ 15,00,000Get Latest PriceCapacityUpto 31cum/hrPowerDiesel EngineUsage/ApplicationConcrete PumpingModel Name/Number1400pBrand/MakePowerolEngine Power35kwread more...",N/A,CapacityUpto 31cum/hrPowerDiesel EngineUsage/ApplicationConcrete PumpingModel Name/Number1400pBrand/MakePowerolEngine Power35kw
"Diesel Engine VCP 1050 Stationary Concrete Pump₹ 20,00,000Get Latest PriceUsage/ApplicationConcrete PumpingPower SourceDiesel EngineBrand/MakeVenusPower49 kW (70 hp)Hopper Capacity600 LHorizontal Delivery Distance400 mread more...",N/A,Usage/ApplicationConcrete PumpingPower SourceDiesel EngineBrand/MakeVenusPower49 kW (70 hp)Hopper Capacity600 LHorizontal Delivery Distance400 m
Watch VideoSCHWING Stetter SP3000 D Stationary Concrete Pump - Heavy duty seriesAsk PriceUsage/ApplicationConcrete PumpingModel Name/NumberSP3000 DBrand/MakeSCHWING StetterI Deal InNew OnlyCountry of OriginMade in Indiaread more...Brochure,N/A,Usage/ApplicationConcrete PumpingModel Name/NumberSP3000 DBrand/MakeSCHWING StetterI Deal InNew OnlyCountry of OriginMade in India
"Putzmeister Swing Lever Q90, For Concrete Pumping, Capacity: 31 cum₹ 11,000Get Latest PriceBrand/MakeTiglonI Deal InNew OnlyCountry of OriginMade in IndiaCapacity31 cumUsage/ApplicationConcrete Pumpingread more...",N/A,Brand/MakeTiglonI Deal InNew OnlyCountry of OriginMade in IndiaCapacity31 cumUsage/ApplicationConcrete Pumping
"Boom Pump Pipeline High Performance Steel D/L Reducer Pipe DN150-125mm L1200mm 9mm₹ 16,000Get Latest PriceSize3/4 X 1/2 inchMaterialCast IronReducer TypeConcentricEnd Connection TypeButtweldColorRedPackaging TypeCorrugated Boxread more...",N/A,Size3/4 X 1/2 inchMaterialCast IronReducer TypeConcentricEnd Connection TypeButtweldColorRedPackaging TypeCorrugated Box
"Stainless Steel Concrete Pump Spectacle Plate And Cutting Ring, For Industrial₹ 11,000Get Latest PriceShapeRoundService Life30000-50, 000 m3Wearable overlay64HRCUsage/ApplicationIndustrialMaterialStainless Steelread more...Brochure",N/A,"ShapeRoundService Life30000-50, 000 m3Wearable overlay64HRCUsage/ApplicationIndustrialMaterialStainless Steel"
"Concrete Pump 1470 D, Capacity: 70 cum₹ 23,50,000Get Latest PriceCapacity70 cumUsage/ApplicationConcrete PumpingModel Name/NumberEL 1470 DBrand/MakeELSAEngine Power2450 RPMread more...",N/A,Capacity70 cumUsage/ApplicationConcrete PumpingModel Name/NumberEL 1470 DBrand/MakeELSAEngine Power2450 RPM
"Concrete Pump, Capacity: 50 cum₹ 22,00,000Get Latest PriceModel Name/NumberCPH40Brand/MakeALFANIOCapacity50 cumUsage/ApplicationConcrete PumpingALFANIO CONCRETE PUMP MODEL CPH40",N/A,Model Name/NumberCPH40Brand/MakeALFANIOCapacity50 cumUsage/ApplicationConcrete PumpingALFANIO CONCRETE PUMP MODEL CPH40
"Used Concrete Boom Pump₹ 12,00,000Get Latest PriceCapacity31 cumUsage/ApplicationConcrete PumpingWe are manufacturers of Building & Road construction machinery, Ready mix concrete Batching plant, Hot mix asphalt plant, Self Loading concrete mixer, Concreteread more...",N/A,"Capacity31 cumUsage/ApplicationConcrete PumpingWe are manufacturers of Building & Road construction machinery, Ready mix concrete Batching plant, Hot mix asphalt plant, Self Loading concrete mixer, Concrete"
"Putzmeister Concrete Pumps BSA 1404HD Esmart₹ 80,000Get Latest PriceUsage/ApplicationConcrete PumpingModel Name/NumberBSA 1404HD eSmartBrand/MakePutzmeisterCapacity39 cu/hrPower280 Bar (Hydraulic Pressure)Engine Power49Kwread more...",N/A,Usage/ApplicationConcrete PumpingModel Name/NumberBSA 1404HD eSmartBrand/MakePutzmeisterCapacity39 cu/hrPower280 Bar (Hydraulic Pressure)Engine Power49Kw
"Watch VideoConcrete Pump With Mixer, For Buildings, Capacity: 31 cum₹ 21,00,000Get Latest PriceModel Name/NumberRE-1550Brand/MakeRUSSIAN EQUIPMENTSEngine Power49 BHPWeight6500 KGI Deal InNew and Second HandCountry of OriginMade in Indiaread more...Brochure",N/A,Model Name/NumberRE-1550Brand/MakeRUSSIAN EQUIPMENTSEngine Power49 BHPWeight6500 KGI Deal InNew and Second HandCountry of OriginMade in India
"Watch VideoConcrete Pump DX1407 HR, For Industrial, Capacity: 70 cum₹ 10,00,000Get Latest PriceModel Name/NumberDX1407HRBrand/MakeKEPLSize3Capacity70 cumUsage/ApplicationIndustrialread more...Brochure",N/A,Model Name/NumberDX1407HRBrand/MakeKEPLSize3Capacity70 cumUsage/ApplicationIndustrial
"Kerb Paver Rental Service₹ 1,20,000Get Latest PriceService Duration1-7 DaysService ModeOnline/OfflineService ProviderMachinery ClubService TypeKerb Paver Rental Service",N/A,Service Duration1-7 DaysService ModeOnline/OfflineService ProviderMachinery ClubService TypeKerb Paver Rental Service
"Stationary Concrete Pumps₹ 1,00,000Get Latest PriceUsage/ApplicationConcrete PumpingBody MaterialMSHopper Capacity200 LLength of End Hose1-2 mOutput Up To48 m/hread more...",N/A,Usage/ApplicationConcrete PumpingBody MaterialMSHopper Capacity200 LLength of End Hose1-2 mOutput Up To48 m/h
"Concrete Pumps, Capacity: 31 cum₹ 12,00,000Get Latest PriceI Deal InNew OnlyCountry of OriginMade in IndiaCapacity31 cumUsage/ApplicationConcrete PumpingEstablished in the year 2013, we ""Global Engineering""read more...",N/A,"I Deal InNew OnlyCountry of OriginMade in IndiaCapacity31 cumUsage/ApplicationConcrete PumpingEstablished in the year 2013, we ""Global Engineering"""
"Stationary Concrete Pump, Capacity: 120 cum₹ 22,00,000Get Latest PriceModel Name/NumberACP 1405DBrand/MakeAtlasPower1.333kwEngine Power49kwDia Of Concrete Delivery Pipeline120mmMax Aggregate Diameter210mmread more...Brochure",N/A,Model Name/NumberACP 1405DBrand/MakeAtlasPower1.333kwEngine Power49kwDia Of Concrete Delivery Pipeline120mmMax Aggregate Diameter210mm
"Concrete Pumps Rental Services₹ 1,10,000Get Latest PriceService LocationDelhiMinimum Rental Duration1 MonthPower SourceFuel PoweredCapacity48 M3/HrService ModeOfflineService TypeConcrete Pump Rentalread more...",N/A,Service LocationDelhiMinimum Rental Duration1 MonthPower SourceFuel PoweredCapacity48 M3/HrService ModeOfflineService TypeConcrete Pump Rental
"Schwing Stetter Concrete Pumps, Model Name/Number: Sp 3000₹ 3,25,000Get Latest PriceUsage/ApplicationConcrete PumpingModel Name/NumberSP 3000Brand/MakeSchwingCountry of OriginMade in IndiaSP 3000",N/A,Usage/ApplicationConcrete PumpingModel Name/NumberSP 3000Brand/MakeSchwingCountry of OriginMade in IndiaSP 3000
"Concrete Pumps Refurbhished, Capacity: 70 cum₹ 6,00,000Get Latest PriceMaterialmetalCountry of OriginMade in IndiaCapacity70 cumUsage/ApplicationConcrete PumpingConcrete Pumps refurbhished",N/A,MaterialmetalCountry of OriginMade in IndiaCapacity70 cumUsage/ApplicationConcrete PumpingConcrete Pumps refurbhished
"Schwing Stetter Concrete Pumps₹ 10,00,000Get Latest PriceCapacity31 cum/hrUsage/ApplicationConcrete PumpingMake Schwing Statter sp 1800",N/A,Capacity31 cum/hrUsage/ApplicationConcrete PumpingMake Schwing Statter sp 1800
"Hydraulic Pumps 15 mm Schwing Stetter Main Pump, For Concrete Pumping, 63 kV₹ 75,000Get Latest PriceMaterialMild SteelMotor Speed1000 RPMHead15 mmPump TypeHydraulic PumpsBrandSchwing StetterPower63 kVread more...",N/A,MaterialMild SteelMotor Speed1000 RPMHead15 mmPump TypeHydraulic PumpsBrandSchwing StetterPower63 kV
"CONCRETE PUMP BEARING SHAFT ASSEMBLY, For Industrial₹ 11,700Get Latest PriceUsage/ApplicationIndustrialMaterial GradeSTSINTC 13GOE0025I Deal InNew OnlyBrandSCCCountry of OriginMade in Indiaread more...",N/A,Usage/ApplicationIndustrialMaterial GradeSTSINTC 13GOE0025I Deal InNew OnlyBrandSCCCountry of OriginMade in India
"Watch VideoMild Steel Concrete Banana Bucket₹ 28,000Get Latest PriceColorYELLOWDiameter950MaterialMild SteelBucket ShapeBANANAIt's ideal for batching. A concrete bucket is lessread more...Brochure",N/A,ColorYELLOWDiameter950MaterialMild SteelBucket ShapeBANANAIt's ideal for batching. A concrete bucket is less
"Used Concrete Pump, For Buildings, Capacity: 50 cum₹ 8,00,000Get Latest PriceCapacity50 cumUsage/ApplicationBuildings56t877t8utUsed co crete pumpWe “Sunrise Construction Equipment are a Sole Proprietorship based firm, engaged as theread more...",N/A,"Capacity50 cumUsage/ApplicationBuildings56t877t8utUsed co crete pumpWe “Sunrise Construction Equipment are a Sole Proprietorship based firm, engaged as the"
"Concrete Boom Pump Rental Service₹ 4,00,000Get Latest PriceModel Name/NumberBOOM PLACERMinimum Rental DurationONE MONTHSize/Area200 to 1000 Square FeetConcrete Pump TypeBoom Concrete PumpLocation/CityAT SITEBrandASHOK LEYLANDread more...",N/A,Model Name/NumberBOOM PLACERMinimum Rental DurationONE MONTHSize/Area200 to 1000 Square FeetConcrete Pump TypeBoom Concrete PumpLocation/CityAT SITEBrandASHOK LEYLAND
"Sunbeam Concrete Pumps₹ 21,00,000Get Latest PriceCapacity50 cumUsage/ApplicationConcrete PumpingModel Name/Numberss50Brand/MakesunbeamEngine Power48kwDead Weight Incl Oil Fuel180 mmread more...Brochure",N/A,Capacity50 cumUsage/ApplicationConcrete PumpingModel Name/Numberss50Brand/MakesunbeamEngine Power48kwDead Weight Incl Oil Fuel180 mm
"WATER PUMP HYPRO BOOM PUMP₹ 13,500Get Latest PriceProduct TypePetrol Water PumpI Deal InNew OnlyCAPACITY50 CUMUSEAGE/APPLICATIONCONCRETE PUMP , BOOM PUMPWe offers a one stop solution of concrete pump spares,read more...Brochure",N/A,"Product TypePetrol Water PumpI Deal InNew OnlyCAPACITY50 CUMUSEAGE/APPLICATIONCONCRETE PUMP , BOOM PUMPWe offers a one stop solution of concrete pump spares,"
"Sunbeam Concrete pump₹ 24,00,000Get Latest PriceCapacity50 cumUsage/ApplicationConcrete PumpingConcrete Output - rod side - 50 cu.m/hrConcrete output piston side-35 cu.m./hrHopper Capacity -600 ltrread more...Brochure",N/A,Capacity50 cumUsage/ApplicationConcrete PumpingConcrete Output - rod side - 50 cu.m/hrConcrete output piston side-35 cu.m./hrHopper Capacity -600 ltr
